<?xml version="1.0" encoding="utf-8"?><App xmlns="http://schemas.microsoft.com/sharepoint/2012/app/manifest" Name="cbd-application-customizer-client-side-solution" ProductID="df3f36bf-afea-45ac-91bf-1a3a66223cb3" SharePointMinVersion="16.0.0.0" IsClientSideSolution="true" Version="1.0.0.0" SkipFeatureDeployment="true" IsDomainIsolated="false"><Properties><Title>cbd-application-customizer-client-side-solution</Title><DeveloperProperties>{&quot;name&quot;:&quot;&quot;,&quot;websiteUrl&quot;:&quot;&quot;,&quot;privacyUrl&quot;:&quot;&quot;,&quot;termsOfUseUrl&quot;:&quot;&quot;,&quot;mpnId&quot;:&quot;Undefined-1.18.2&quot;}</DeveloperProperties><ShortDescription><LocalizedString CultureName="default">cbd-application-customizer description</LocalizedString></ShortDescription><LongDescription><LocalizedString CultureName="default">cbd-application-customizer description</LocalizedString></LongDescription><Screenshots></Screenshots></Properties><WebApiPermissionRequests><WebApiPermissionRequest ResourceId="Microsoft Graph" Scope="User.ReadBasic.All"></WebApiPermissionRequest></WebApiPermissionRequests></App>