{
  "$schema": "https://developer.microsoft.com/json-schemas/spfx-build/package-solution.schema.json",
  "solution": {
    "name": "cbd-application-customizer-client-side-solution",
    "id": "df3f36bf-afea-45ac-91bf-1a3a66223cb3",
    "version": "1.0.0.0",
    "includeClientSideAssets": true,
    "skipFeatureDeployment": true,
    "isDomainIsolated": false,
    "webApiPermissionRequests": [
      {
        "resource": "Microsoft Graph",
        "scope": "User.ReadBasic.All"
      }
    ],
    "developer": {
      "name": "",
      "websiteUrl": "",
      "privacyUrl": "",
      "termsOfUseUrl": "",
      "mpnId": "Undefined-1.18.2"
    },
    "metadata": {
      "shortDescription": {
        "default": "cbd-application-customizer description"
      },
      "longDescription": {
        "default": "cbd-application-customizer description"
      },
      "screenshotPaths": [],
      "videoUrl": "",
      "categories": []
    },
    "features": [
      {
        "title": "Application Extension - Deployment of custom action",
        "description": "Deploys a custom action with ClientSideComponentId association",
        "id": "80429721-49b9-4aae-9ab8-5277df946434",
        "version": "1.0.0.0",
        "assets": {
          "elementManifests": ["elements.xml", "ClientSideInstance.xml"]
        }
      }
    ]
  },
  "paths": {
    "zippedPackage": "solution/cbd-application-customizer.sppkg"
  }
}
